Driver,FinishTime
LEC,5152.505669726571
NOR,5154.321597289497
PER,5146.863117908824
SAI,5144.029529365326
VER,5148.123670979014
